"ITEM_ID","MSID","DD_SIC","ITEM_NAME","BUSINESS_NAME","CATEGORY","HAS_IMAGE","PHOTO_URL","AVG_ITEM_PRICE","ITEM_VOLUME","AVG_PICK_TIME_MIN","ATCR_PCT","PRE_SUB_INF_PCT"
"799015_43739201","43739201","urpc_3a460238-172f-4ad0-b86a-e70540a6a4a7","Reese's Milk Chocolate Peanut Butter Easter Egg Candies Snack Size (7.2 oz)","Dollar General","Candy","Yes","https://img.cdn4dd.com/cdn-cgi/image/fit=contain,width=1200,height=672,format=auto/https://doordash-static.s3.amazonaws.com/media/photosV2/672894fc-8115-4057-8477-9466d70f45da-retina-large.jpg",500.00,4449,1.81,2.11,16.75
"799015_43740801","43740801","urpc_07105b99-35b3-4e15-ab18-1da3f10aef88","Whoppers Robin Eggs Easter Mini Malted Milk Candy in a Crunchy Shell Bag (9 oz)","Dollar General","Candy","Yes","https://img.cdn4dd.com/cdn-cgi/image/fit=contain,width=1200,height=672,format=auto/https://doordash-static.s3.amazonaws.com/media/photosV2/cb0e66bb-467a-4dc7-ad86-7627fba6c08d-retina-large.jpg",350.00,3384,1.77,1.55,23.49
"799015_00880502","00880502","urpc_84aa2f60-08b3-447b-b2a1-7a7d91ec3b08","Campbell's Condensed Dry Egg Recipe Chicken Noodle Soup (13.8 oz)","Dollar General","Pantry","Yes","https://img.cdn4dd.com/cdn-cgi/image/fit=contain,width=1200,height=672,format=auto/https://doordash-static.s3.amazonaws.com/media/photosV2/6f82680d-60c5-4101-aef3-340cbc48d93d-retina-large.jpg",125.04,3119,1.14,2.47,4.39
"799015_30946601_NONWI_2O","30946601_NONWI_2O","ugp_4e7d0320-d32f-4944-8f7b-36c22dbe70b2","Reese's Milk Chocolate Peanut Butter Snack Size Easter Candy Pack (2 oz)","Dollar General","Candy","Yes","https://img.cdn4dd.com/cdn-cgi/image/fit=contain,width=1200,height=672,format=auto/https://doordash-static.s3.amazonaws.com/media/photosV2/6693c47a-afd8-4378-80db-57ecba1b8542-retina-large.png",125.00,2513,1.82,2.49,23.96
"799015_01561301","01561301","urpc_960c0da6-4631-45b7-9819-e64f89f2f05d","Little Debbie Vanilla Easter Basket Cakes (10 ct)","Dollar General","Snacks","Yes","https://img.cdn4dd.com/cdn-cgi/image/fit=contain,width=1200,height=672,format=auto/https://doordash-static.s3.amazonaws.com/media/photosV2/95095442-1ed3-42b9-93fc-b7a984a812e2-retina-large.png",315.00,2466,1.24,3.08,34.55
"799015_02944302","02944302","urpc_553d8529-863a-4688-84b9-651ae414d6bb","Jimmy Dean Sausage Egg & Cheese Croissant Frozen Breakfast Sandwiches 4 ct (18 oz)","Dollar General","Frozen","Yes","https://img.cdn4dd.com/cdn-cgi/image/fit=contain,width=1200,height=672,format=auto/https://doordash-static.s3.amazonaws.com/media/photosV2/9f0a2e19-5a70-4e4d-be7f-b528a8d04631-retina-large.png",747.40,2380,0.99,1.92,10.29
"799015_43739101","43739101","ugp_e288d845-728d-40c1-ac17-603fabbf57bd","Cadbury Mini Eggs Milk Chocolate Easter Candy (7.3 oz)","Dollar General","Candy","Yes","https://img.cdn4dd.com/cdn-cgi/image/fit=contain,width=1200,height=672,format=auto/https://doordash-static.s3.amazonaws.com/media/photosV2/ae65ae32-68cf-41ea-9819-ece1d2ae8386-retina-large.png",500.00,2305,1.81,2.19,25.12
"799015_01561101","01561101","urpc_65d9a400-2dbf-461d-a4bf-47fe821aa6cf","Little Debbie Chocolate Easter Basket Cakes (10 ct)","Dollar General","Snacks","Yes","https://img.cdn4dd.com/cdn-cgi/image/fit=contain,width=1200,height=672,format=auto/https://doordash-static.s3.amazonaws.com/media/photosV2/91a607a3-9b10-473a-973e-f08bccb672ba-retina-large.png",315.00,1868,1.22,2.60,32.33
"799015_24597301","24597301","urpc_197918f5-5587-4c31-a730-2272222c35a0","Eggo Cinnamon French Toaster Sticks Box (32 ct)","Dollar General","Frozen","Yes","https://img.cdn4dd.com/cdn-cgi/image/fit=contain,width=1200,height=672,format=auto/https://doordash-static.s3.amazonaws.com/media/photosV2/26981ee7-7df2-478b-8bca-fde0ae4440e0-retina-large.jpg",347.96,1785,0.94,1.57,9.30
"799015_02942301","02942301","urpc_a24c8d7a-874f-42a4-8aea-02fd7cfba151","Eggo Frozen Blueberry Waffles 10 ct (12.3 oz)","Dollar General","Frozen","Yes","https://img.cdn4dd.com/cdn-cgi/image/fit=contain,width=1200,height=672,format=auto/https://doordash-static.s3.amazonaws.com/media/photosV2/449f4796-85f0-4c64-a155-5e43ba3fad6e-retina-large.jpg",347.78,1776,0.87,1.95,7.43
"799015_02865701","02865701","urpc_d65f3f0d-8030-41d3-9a2b-0510d3e21525","Eggo Homestyle Waffles (12.3 oz × 10 ct)","Dollar General","Frozen","Yes","https://img.cdn4dd.com/cdn-cgi/image/fit=contain,width=2688,height=1512,format=auto/https://doordash-static.s3.amazonaws.com/media/photosV2/07f226d8-0aed-4ca2-826c-1785d4b6ded3-retina-large.jpg",348.45,1376,1.02,2.00,10.54
"799015_24017801","24017801","urpc_826381ff-6c84-48a0-83c7-79bcd19823df","Cadbury Creme Egg Milk Chocolate Easter Eggs (1.2 oz x 4 ct)","Dollar General","Candy","Yes","https://img.cdn4dd.com/cdn-cgi/image/fit=contain,width=1200,height=672,format=auto/https://doordash-static.s3.amazonaws.com/media/photosV2/5bbd9601-2f67-4345-b1ad-9f7fbe8bdc8a-retina-large.jpg",500.00,1291,1.78,1.95,31.45
"799015_15945602","15945602","urpc_0bd67a4d-0c84-4873-ac26-44bf76b7ff70","Clover Valley Basket Coffee Filters (100 ct)","Dollar General","Household","Yes","https://img.cdn4dd.com/cdn-cgi/image/fit=contain,width=1200,height=672,format=auto/https://doordash-static.s3.amazonaws.com/media/photosV2/f1313a53-92d9-4990-831f-1f15fc6b9b47-retina-large.jpg",185.15,1220,1.09,2.15,3.28
"799015_24033402","24033402",,"Ring Pop Easter Lollipops Bag (3 ct)","Dollar General","Candy","Yes","https://img.cdn4dd.com/cdn-cgi/image/fit=contain,width=1200,height=672,format=auto/https://doordash-static.s3.amazonaws.com/media/photosV2/5fd51d25-7aba-4f32-891f-8e7b907040f2-retina-large.png",125.00,1198,1.56,2.03,15.94
"799015_42582101","42582101",,"Easter Egg Shaped Treat Containers (16 ct)","Dollar General","Household","Yes","https://img.cdn4dd.com/cdn-cgi/image/fit=contain,width=1200,height=672,format=auto/https://doordash-static.s3.amazonaws.com/media/photosV2/06011a50-b9ea-4647-936e-07d93f440e04-retina-large.png",200.00,1102,1.26,2.43,4.45
"799015_02942401","02942401","urpc_23114f51-b1bb-484b-bf71-eb1bc80f2891","Eggo Minis Cinnamon Toast Waffles (10.75 oz × 10 ct)","Dollar General","Frozen","Yes","https://img.cdn4dd.com/cdn-cgi/image/fit=contain,width=2688,height=1512,format=auto/https://doordash-static.s3.amazonaws.com/media/photosV2/b4f86eb5-5fc4-4ab1-89b7-4a49aa741300-retina-large.jpg",349.38,1093,0.97,1.90,8.69
"799015_42515601","42515601",,"Easter Hopping Chick Toy","Dollar General","Lifestyle","Yes","https://img.cdn4dd.com/cdn-cgi/image/fit=contain,width=1200,height=672,format=auto/https://doordash-static.s3.amazonaws.com/media/photosV2/ee596697-2f3f-4682-b3d5-8d38dc3fa8a8-retina-large.png",100.00,1086,1.83,1.79,13.81
"799015_05858003_NONWI_8O","05858003_NONWI_8O","ugp_1917909d-43a9-40cc-bea1-accb8902df14","Reese's Peanut Butter Egg Candy (8 oz)","Dollar General","Candy","Yes","https://img.cdn4dd.com/cdn-cgi/image/fit=contain,width=1200,height=672,format=auto/https://doordash-static.s3.amazonaws.com/media/photosV2/d3017074-e559-4349-936c-d3d5b3a01aab-retina-large.jpg",600.00,1026,1.88,1.75,14.42
"799015_27859301","27859301","urpc_24bb441a-9867-49d7-a976-09bb34ab2b60","Pagoda Frozen Crunchy Crispy Chicken Egg Rolls (8 ct)","Dollar General","Frozen","Yes","https://img.cdn4dd.com/cdn-cgi/image/fit=contain,width=1200,height=672,format=auto/https://doordash-static.s3.amazonaws.com/media/photosV2/b797b370-b085-470c-91de-c8617da895f8-retina-large.jpg",690.83,1024,0.88,1.08,5.27
"799015_43754701","43754701","ugp_9248b1a7-3973-4f2e-9276-52921cfc42b6","RM Palmer Little Beauty Bunny Chocolate Candy (1 oz)","Dollar General","Candy","Yes","https://img.cdn4dd.com/cdn-cgi/image/fit=contain,width=1200,height=672,format=auto/https://doordash-static.s3.amazonaws.com/media/photosV2/c9ba0652-5a8a-44b3-92eb-12dbc4cd76e1-retina-large.jpg",85.00,1000,1.44,1.55,7.90
"799015_18703801","18703801","urpc_e3799407-a392-4031-82fb-ea0f59bb73a3","Eggo Chocolatey Chip Frozen Waffles (12.3 oz × 10 ct)","Dollar General","Frozen","Yes","https://img.cdn4dd.com/cdn-cgi/image/fit=contain,width=2688,height=1512,format=auto/https://doordash-static.s3.amazonaws.com/media/photosV2/5fc336d3-890e-4e94-aafb-4e993c7b5093-retina-large.jpg",349.05,983,0.86,1.89,6.21
"799015_43765101","43765101","ugp_b2369a50-a87e-49e6-973b-79766e6797bd","Russell Stover Candies Marshmallow Milk Chocolate Easter Egg (1.3 oz)","Dollar General","Candy","Yes","https://img.cdn4dd.com/cdn-cgi/image/fit=contain,width=1200,height=672,format=auto/https://doordash-static.s3.amazonaws.com/media/photosV2/2db4092a-a4f4-4e21-9b79-1bc2aafec371-retina-large.png",150.00,944,1.73,1.75,22.14
"799015_43738401","43738401","ugp_c68fdb74-5737-44a0-a62d-e1fae47ffd95","M&M's, Skittles, Snickers & Starburst Easter Basket Stuffers Variety Pack (25 ct)","Dollar General","Candy","Yes","https://img.cdn4dd.com/cdn-cgi/image/fit=contain,width=1200,height=672,format=auto/https://doordash-static.s3.amazonaws.com/media/photosV2/81012ce2-6f65-4bf3-a3cf-cb5540f6701f-retina-large.png",550.00,931,1.37,0.67,7.73
"799015_24017701","24017701","urpc_007b71cc-88e9-4f2c-af9d-eca81f2546c3","Reese's Milk Chocolate & Peanut Butter Creme Egg Candies Wrap Box (4 ct)","Dollar General","Candy","Yes","https://img.cdn4dd.com/cdn-cgi/image/fit=contain,width=1200,height=672,format=auto/https://doordash-static.s3.amazonaws.com/media/photosV2/55ae7164-4576-49dd-b724-08f391240308-retina-large.jpg",500.00,903,1.59,1.14,11.96
"799015_02939601","02939601","urpc_0f936228-b999-4419-8f66-30f1d7165200","Eggo Buttermilk Frozen Waffles (10 ct)","Dollar General","Frozen","Yes","https://img.cdn4dd.com/cdn-cgi/image/fit=contain,width=2688,height=1512,format=auto/https://doordash-static.s3.amazonaws.com/media/photosV2/36a5d208-5015-4f51-b736-3da641e9ee1b-retina-large.jpg",349.05,884,1.20,2.14,11.43
"799015_27885201","27885201","urpc_5a32a058-6ff8-4f21-a259-487bd03b368d","Pagoda Pork Frozen Crunchy Egg Rolls 8 ct (2.75 oz)","Dollar General","Frozen","Yes","https://img.cdn4dd.com/cdn-cgi/image/fit=contain,width=1200,height=672,format=auto/https://doordash-static.s3.amazonaws.com/media/photosV2/9b88ca18-19bb-43c5-92e9-16eb3bc9cd26-retina-large.jpeg",691.05,838,0.94,0.99,5.97
"799015_05869901_NONWI_1O","05869901_NONWI_1O","ugp_29d1081b-9261-4fc0-9279-ad3d54011866","Cadbury Creme Egg Milk Chocolate & Fondant Easter Candy Egg (1 oz)","Dollar General","Candy","Yes","https://img.cdn4dd.com/cdn-cgi/image/fit=contain,width=1200,height=672,format=auto/https://doordash-static.s3.amazonaws.com/media/photosV2/ebf388b9-846b-4443-b4fa-47523f5544b3-retina-large.png",135.00,817,1.89,1.82,38.07
"799015_42515501","42515501","ugp_8d0557af-58d1-400b-bbd1-d4109c6c9a7b","Happy Easter Grow Capsules (12 ct)","Dollar General","Lifestyle","Yes","https://img.cdn4dd.com/cdn-cgi/image/fit=contain,width=1200,height=672,format=auto/https://doordash-static.s3.amazonaws.com/media/photosV2/b63a43ad-5d2b-4e9c-b82f-918b01bcb402-retina-large.png",100.00,804,1.50,1.95,17.41
"799015_36144101","36144101","urpc_f5c5facc-4d64-402b-96f4-0193438ed06b","Tombstone Sausage Egg & Cheese Stix Frozen Sandwich (3 oz)","Dollar General","Frozen","Yes","https://img.cdn4dd.com/cdn-cgi/image/fit=contain,width=1200,height=672,format=auto/https://doordash-static.s3.amazonaws.com/media/photosV2/beea6637-d7dd-4278-87ad-9387f0d1080b-retina-large.png",124.16,794,1.27,0.77,13.10
"799015_42573001","42573001",,"Easter Character Bucket","Dollar General","Household","Yes","https://img.cdn4dd.com/cdn-cgi/image/fit=contain,width=1200,height=672,format=auto/https://doordash-static.s3.amazonaws.com/media/photosV2/46c705d8-8eb9-410f-94b5-a96af0ff9bbf-retina-large.png",100.00,785,1.83,2.94,8.15
"799015_43740701","43740701","urpc_6547eb3c-5598-4a42-a0c1-9a2e8eee8352","Hershey's Assorted Flavored Easter Bag (30 ct)","Dollar General","Candy","Yes","https://img.cdn4dd.com/cdn-cgi/image/fit=contain,width=1200,height=672,format=auto/https://doordash-static.s3.amazonaws.com/media/photosV2/40a67a40-c3c7-4b2f-939b-d4c4efd1cbef-retina-large.jpg",550.00,766,1.47,0.78,13.84
"799015_12149102","12149102","urpc_8ab55064-dd6f-4e22-9191-b20c5ff9ea46","Purina Beggin' Strips Bacon Flavor Dog Treats (3 oz)","Dollar General","Pet Care","Yes","https://img.cdn4dd.com/cdn-cgi/image/fit=contain,width=1200,height=672,format=auto/https://doordash-static.s3.amazonaws.com/media/photosV2/9a03cd11-19e3-42cf-8815-fed1aebdcfc5-retina-large.jpg",266.24,764,1.15,2.12,9.95
"799015_35483201","35483201","urpc_c0c0ad38-f021-475e-a9f2-df43efd08ef5","Sour Punch Assorted Flavors Individually Wrapped Twists Easter Candies Bag (9 oz)","Dollar General","Candy","Yes","https://img.cdn4dd.com/cdn-cgi/image/fit=contain,width=1200,height=672,format=auto/https://doordash-static.s3.amazonaws.com/media/photosV2/e547ed6a-4cc3-4628-be82-01579b56d7ec-retina-large.jpg",300.00,762,1.62,2.11,22.83
"799015_18797901","18797901","urpc_43a66479-11b6-4046-878b-c8addd842e05","El Monterey Egg Potato Cheese Sauce & Sausage Wrap (8 ct)","Dollar General","Frozen","Yes","https://img.cdn4dd.com/cdn-cgi/image/fit=contain,width=1200,height=672,format=auto/https://doordash-static.s3.amazonaws.com/media/photosV2/963a9028-0df3-47f2-98c0-8dc40184bf14-retina-large.png",664.71,755,0.98,0.70,6.23
"799015_37846501","37846501",,"Smarties Gluten & Fat Free Happy Easter Candy Rolls (8 oz)","Dollar General","Candy","Yes","https://img.cdn4dd.com/cdn-cgi/image/fit=contain,width=1200,height=672,format=auto/https://doordash-static.s3.amazonaws.com/media/photosV2/07ef9dc6-e542-4482-a1c9-6b0acb898e2c-retina-large.png",200.00,753,1.44,1.54,12.08
"799015_44009001","44009001",,"RL Albert Easter Bubble Gum Eggs (1.8 oz × 3 ct)","Dollar General","Candy","Yes","https://img.cdn4dd.com/cdn-cgi/image/fit=contain,width=1200,height=672,format=auto/https://doordash-static.s3.amazonaws.com/media/photosV2/b73efb8d-ad2f-45d1-b754-1b002923bd07-retina-large.png",100.00,746,1.39,2.47,16.49
"799015_36068101","36068101","urpc_561178c4-8a83-4b12-9542-f2b2f4d1df79","Kellogg's Eggo Buttermilk Frozen Pancakes Box 12 ct (14.8 oz)","Dollar General","Frozen","Yes","https://img.cdn4dd.com/cdn-cgi/image/fit=contain,width=1200,height=672,format=auto/https://doordash-static.s3.amazonaws.com/media/photosV2/ad5613ba-8d35-498d-bf97-9bcc89ba9743-retina-large.jpg",398.60,746,1.06,1.95,12.73
"799015_42187301","42187301","urpc_1271a6e0-095f-4a3a-83d8-f240cbfa13d3","Materne GoGo Squeez Fruit & VeggieZ Gluten & Dairy Free Apple Pear Carrot Applesauce (3.2 oz x 4 ct)","Dollar General","Snacks","Yes","https://img.cdn4dd.com/cdn-cgi/image/fit=contain,width=1200,height=672,format=auto/https://doordash-static.s3.amazonaws.com/media/photosV2/957b3242-5e78-4e7a-8522-ca05276e87f9-retina-large.png",302.64,726,0.98,1.23,5.37
"799015_44009401","44009401","ugp_81dc47ff-de4f-4fdf-a4ae-0ccc36a7214b","Russell Stover Candies Milk Chocolate Easter Bunny (1.3 oz)","Dollar General","Candy","Yes","https://img.cdn4dd.com/cdn-cgi/image/fit=contain,width=1200,height=672,format=auto/https://doordash-static.s3.amazonaws.com/media/photosV2/b60cf79b-c084-41da-9197-3c71cedaf0eb-retina-large.png",150.00,724,1.28,1.57,9.25
"799015_42516301","42516301",,"Happy Easter Bubble Popper Stress Reliever Toy (2 ct)","Dollar General","Lifestyle","Yes","https://img.cdn4dd.com/cdn-cgi/image/fit=contain,width=1200,height=672,format=auto/https://doordash-static.s3.amazonaws.com/media/photosV2/98ff792e-ef28-4b4d-bea6-8addc348eb4f-retina-large.png",100.00,722,1.36,2.16,14.13
"799015_43764901","43764901","ugp_400343db-02f9-4ac7-9596-dce2402e7fc0","Russell Stover Candies Strawberry Creme Milk Chocolate Easter Egg (1.3 oz)","Dollar General","Candy","Yes","https://img.cdn4dd.com/cdn-cgi/image/fit=contain,width=1200,height=672,format=auto/https://doordash-static.s3.amazonaws.com/media/photosV2/3f8d963a-9a1f-4026-869d-96ade2d36bc5-retina-large.png",150.00,699,1.78,1.56,24.46
"799015_10683504","10683504","ugp_e5abe83c-5a83-45b8-93ab-1bca01b8cef7","Clover Valley Assorted Food Color & Egg Dye (4 ct)","Dollar General","Pantry","Yes","https://img.cdn4dd.com/cdn-cgi/image/fit=contain,width=1200,height=672,format=auto/https://doordash-static.s3.amazonaws.com/media/photosV2/b892c92d-b8a0-45b8-8bff-fc1b46a44ce7-retina-large.png",477.95,697,1.89,2.46,11.33
"799015_44009101","44009101","ugp_d966b4a5-805b-437d-bd0a-26c879b7133c","RL Albert Easter Pops Lollipop Assortment (6 oz × 23 ct)","Dollar General","Candy","Yes","https://img.cdn4dd.com/cdn-cgi/image/fit=contain,width=1200,height=672,format=auto/https://doordash-static.s3.amazonaws.com/media/photosV2/bfe1271f-43e3-4ba6-96ef-d1f79b409915-retina-large.png",100.00,674,1.42,2.21,10.98
"799015_42517001","42517001","ugp_0522dc83-1af4-4cf1-a18e-8bfb7f104623","Happy Easter Chalk (4 ct)","Dollar General","Arts & Crafts","Yes","https://img.cdn4dd.com/cdn-cgi/image/fit=contain,width=1200,height=672,format=auto/https://doordash-static.s3.amazonaws.com/media/photosV2/2060e43f-3237-420b-999e-b208ee446357-retina-large.png",100.00,656,1.25,2.89,8.69
"799015_38260801","38260801","urpc_03815b77-7dac-4dff-aedd-b2ed1f0c4a13","El Monterey Frozen Egg Potato Bacon & Cheese Sauce Breakfast Wraps Family Size (8 ct)","Dollar General","Frozen","Yes","https://img.cdn4dd.com/cdn-cgi/image/fit=contain,width=1200,height=672,format=auto/https://doordash-static.s3.amazonaws.com/media/photosV2/f96ef8c1-53d4-4178-b96c-bd19fbf52b7c-retina-large.png",667.87,620,0.99,0.73,6.94
"799015_38293301","38293301","urpc_dc18148c-53ef-49bf-8466-58b18b4397cd","Kellogg's Eggo Strawberry Frozen Breakfast Waffles Box 10 ct (12.3 oz)","Dollar General","Frozen","Yes","https://img.cdn4dd.com/cdn-cgi/image/fit=contain,width=1200,height=672,format=auto/https://doordash-static.s3.amazonaws.com/media/photosV2/e72e7056-bce3-4586-9890-fa78cd1dabe4-retina-large.jpg",347.75,607,0.86,1.37,6.26
"799015_22279601","22279601","urpc_78c69ba9-0c16-4b79-bab0-5b312069f165","Sour Patch Kids Bunnies Soft & Chewy Easter Candy (3.1 oz)","Dollar General","Candy","Yes","https://img.cdn4dd.com/cdn-cgi/image/fit=contain,width=1200,height=672,format=auto/https://doordash-static.s3.amazonaws.com/media/photosV2/393ff6ac-f9cf-48a7-a6d7-f635220bde86-retina-large.jpg",100.00,579,1.44,1.85,28.50
"799015_01999801","01999801","urpc_937002a4-576c-4c1b-b04b-4fb3f5d53eb7","Bunny Giant Enriched Sliced White Bread (24 oz)","Dollar General","Bakery","Yes","https://img.cdn4dd.com/cdn-cgi/image/fit=contain,width=1200,height=672,format=auto/https://doordash-static.s3.amazonaws.com/media/photosV2/c9ca8503-1271-4cd3-8212-6e0985ed31ed-retina-large.png",365.00,562,1.01,3.79,10.14
"799015_42732401","42732401","ugp_b0a991e7-fdf9-48f0-8ccb-585436ce58de","Easter Candy Scented Grass (3 oz)","Dollar General","Household","Yes","https://img.cdn4dd.com/cdn-cgi/image/fit=contain,width=1200,height=672,format=auto/https://doordash-static.s3.amazonaws.com/media/photosV2/4b7e070a-f812-49d9-8a6d-de1cfc3566b8-retina-large.png",200.00,561,1.15,2.08,10.87
"799015_42584601","42584601",,"Happy Easter DIY Wood Décor Kit","Dollar General","Arts & Crafts","Yes","https://img.cdn4dd.com/cdn-cgi/image/fit=contain,width=1200,height=672,format=auto/https://doordash-static.s3.amazonaws.com/media/photosV2/70645bdd-cfbe-4217-913c-9c5d6646ca0f-retina-large.png",100.00,559,1.74,1.96,19.86
"799015_43764801","43764801","urpc_0116185e-eb60-4a55-82dd-41512dfc04ad","Russell Stover Candies Caramel Covered in Milk Chocolate Easter Egg (1.3 oz)","Dollar General","Candy","Yes","https://img.cdn4dd.com/cdn-cgi/image/fit=contain,width=1200,height=672,format=auto/https://doordash-static.s3.amazonaws.com/media/photosV2/01137fc0-587f-478b-a31c-760d2d793925-retina-large.jpg",150.00,550,1.94,1.63,22.73
"799015_42513501","42513501",,"Easter Super Soft Stuffed Toy (Mini)","Dollar General","Lifestyle","Yes","https://img.cdn4dd.com/cdn-cgi/image/fit=contain,width=1200,height=672,format=auto/https://doordash-static.s3.amazonaws.com/media/photosV2/ea78430c-1dc3-41d0-b242-db8aea241bbe-retina-large.png",150.00,528,1.91,1.18,9.85
"799015_43740501","43740501","ugp_37301716-a127-491b-a677-f34b81c9c320","Hershey's Assorted Easter Candy Bag (8.33 oz)","Dollar General","Candy","Yes","https://img.cdn4dd.com/cdn-cgi/image/fit=contain,width=1200,height=672,format=auto/https://doordash-static.s3.amazonaws.com/media/photosV2/54dbbabd-0c76-4fee-a648-c698b96af71a-retina-large.png",550.00,525,1.46,1.71,18.10
"799015_05857602","05857602",,"Tootsie Roll Fun Easter Bank Midgees Candy (3.5 oz)","Dollar General","Candy","Yes","https://img.cdn4dd.com/cdn-cgi/image/fit=contain,width=1200,height=672,format=auto/https://doordash-static.s3.amazonaws.com/media/photosV2/c0649006-d882-4469-80b6-f3cca5b693b2-retina-large.png",125.00,513,1.55,1.67,22.42
"799015_42583801","42583801","ugp_6117cfcd-5dfb-438a-8d95-57d4d64b93b7","Happy Easter DIY Suncatcher Kit","Dollar General","Arts & Crafts","Yes","https://img.cdn4dd.com/cdn-cgi/image/fit=contain,width=1200,height=672,format=auto/https://doordash-static.s3.amazonaws.com/media/photosV2/5c61dee4-e08b-4cdf-812e-572effa81a25-retina-large.png",100.00,511,1.57,1.46,19.37
"799015_42573901","42573901",,"Easter Grass (2 oz)","Dollar General","Household","Yes","https://img.cdn4dd.com/cdn-cgi/image/fit=contain,width=1200,height=672,format=auto/https://doordash-static.s3.amazonaws.com/media/photosV2/c26893d4-95ce-409d-a139-6d41bd84ea8d-retina-large.png",200.00,508,1.43,2.25,4.13
"799015_42572701","42572701",,"Easter Plastic Pail (8 in)","Dollar General","Household","Yes","https://img.cdn4dd.com/cdn-cgi/image/fit=contain,width=1200,height=672,format=auto/https://doordash-static.s3.amazonaws.com/media/photosV2/4895d370-82fe-4616-ab26-e3ee79a51b59-retina-large.png",100.00,475,1.47,2.65,7.58
"799015_43679401","43679401","urpc_79732b5e-8e06-4f52-9db0-fcf2f3aacb5a","Starburst Original Easter Jelly Beans Chewy Candy (9.6 oz)","Dollar General","Candy","Yes","https://img.cdn4dd.com/cdn-cgi/image/fit=contain,width=1200,height=672,format=auto/https://doordash-static.s3.amazonaws.com/media/photosV2/a9eacb26-727b-4721-a359-62142f9ff46b-retina-large.png",350.00,469,2.35,2.39,30.49
"799015_42516501","42516501",,"Happy Easter Mini Stampers (4 ct)","Dollar General","Household","Yes","https://img.cdn4dd.com/cdn-cgi/image/fit=contain,width=1200,height=672,format=auto/https://doordash-static.s3.amazonaws.com/media/photosV2/1d7f94f3-4351-4e87-8ca8-c657e0f5086e-retina-large.png",100.00,469,1.12,2.49,20.04
"799015_42515301","42515301",,"Happy Easter Egg Splat Stress Reliever Toy","Dollar General","Lifestyle","Yes","https://img.cdn4dd.com/cdn-cgi/image/fit=contain,width=1200,height=672,format=auto/https://doordash-static.s3.amazonaws.com/media/photosV2/d205a748-38eb-4aa7-bd4f-692c81f23b9e-retina-large.png",100.00,456,2.15,2.73,43.20
"799015_42603701","42603701",,"R.J. Rabbit Easter Egg Decorating Kit","Dollar General","Household","Yes","https://img.cdn4dd.com/cdn-cgi/image/fit=contain,width=1200,height=672,format=auto/https://doordash-static.s3.amazonaws.com/media/photosV2/5ed81adc-f335-4d44-bdbc-0aa8491562e4-retina-large.png",100.00,447,1.42,1.53,7.38
"799015_42517301","42517301",,"Easter Bunny Sequin Headband","Dollar General","Lifestyle","Yes","https://img.cdn4dd.com/cdn-cgi/image/fit=contain,width=1200,height=672,format=auto/https://doordash-static.s3.amazonaws.com/media/photosV2/15568d2b-1df3-4649-9b1b-b9ba79b717ed-retina-large.png",150.00,438,1.61,2.25,12.56
"799015_11256602_NONWI_1CT","11256602_NONWI_1CT","urpc_d738e237-2d63-4bc3-815a-d3073038b7e4","Skittles Original Chewy Candies Filled Easter Egg Easter Basket (1.6 oz)","Dollar General","Candy","Yes","https://img.cdn4dd.com/cdn-cgi/image/fit=contain,width=1200,height=672,format=auto/https://doordash-static.s3.amazonaws.com/media/photosV2/9c989421-89c8-4bf2-8c33-4db7c4ff1234-retina-large.jpg",125.00,436,1.37,1.49,13.53
"799015_42583901","42583901",,"Happy Easter DIY Figurine Kit","Dollar General","Household","Yes","https://img.cdn4dd.com/cdn-cgi/image/fit=contain,width=1200,height=672,format=auto/https://doordash-static.s3.amazonaws.com/media/photosV2/a7066822-dd04-47b6-b4a8-d44a563e960e-retina-large.png",100.00,435,1.36,2.01,14.94
"799015_05853303","05853303","urpc_0eb0e776-8a19-4624-84a5-1e5981652299","Palmer's Double Crisp Lil Crispy Bunny Chocolate Candies (2.5 oz)","Dollar General","Candy","Yes","https://img.cdn4dd.com/cdn-cgi/image/fit=contain,width=1200,height=672,format=auto/https://doordash-static.s3.amazonaws.com/media/photosV2/a491fdea-3ccc-4b62-9150-feaf5314c715-retina-large.jpg",150.00,430,1.29,0.76,8.84
"799015_37855101","37855101",,"RL Alberts Easter Pops Bunny Assortment Lollipops (6 oz)","Dollar General","Candy","Yes","https://img.cdn4dd.com/cdn-cgi/image/fit=contain,width=1200,height=672,format=auto/https://doordash-static.s3.amazonaws.com/media/photosV2/bfe1271f-43e3-4ba6-96ef-d1f79b409915-retina-large.png",100.00,428,1.47,1.50,17.06
"799015_42520301","42520301","ugp_0c1c2527-17fa-4d30-a0ac-0a7422ae9346","Happy Easter Die Cut Garland (9 ft)","Dollar General","Household","Yes","https://img.cdn4dd.com/cdn-cgi/image/fit=contain,width=1200,height=672,format=auto/https://doordash-static.s3.amazonaws.com/media/photosV2/c158f27f-979b-48b4-83ef-9b8f0dd2b1fc-retina-large.png",100.00,428,1.34,2.17,25.00
"799015_13918001","13918001","urpc_b618d357-8a33-4ced-9c72-057712b400e8","Beech-Nut Carrot Zucchini & Pear Stage 2 Veggies Baby Food Pouch (3.5 oz)","Dollar General","Baby & Kids","Yes","https://img.cdn4dd.com/cdn-cgi/image/fit=contain,width=1200,height=672,format=auto/https://doordash-static.s3.amazonaws.com/media/photosV2/afa5b0ea-8392-46e0-a2eb-2b10894f5214-retina-large.jpg",135.00,428,0.92,1.46,8.88
"799015_42517401","42517401",,"Easter Bunny Ear Headband","Dollar General","Household","Yes","https://img.cdn4dd.com/cdn-cgi/image/fit=contain,width=1200,height=672,format=auto/https://doordash-static.s3.amazonaws.com/media/photosV2/fa40b19f-7ea5-4629-8080-0ed916a3b794-retina-large.png",150.00,415,1.81,1.82,8.43
"799015_36255001","36255001","urpc_15613d74-715f-42aa-96ee-29d0c73fe78e","Trueliving 1.5 L Rectangle Laundry Basket","Dollar General","Household","Yes","https://img.cdn4dd.com/cdn-cgi/image/fit=contain,width=1200,height=672,format=auto/https://doordash-static.s3.amazonaws.com/media/photosV2/f6206885-b03b-4191-9b7a-fd22f15c6512-retina-large.jpeg",535.01,412,2.22,1.65,15.05
"799015_42583001","42583001",,"Metallic Egg Shaped Treat Containers (8 ct)","Dollar General","Household","Yes","https://img.cdn4dd.com/cdn-cgi/image/fit=contain,width=1200,height=672,format=auto/https://doordash-static.s3.amazonaws.com/media/photosV2/be54c186-9512-421e-bdb3-fd301a1e54f8-retina-large.png",100.00,406,1.16,1.60,6.90
"799015_40699801","40699801",,"Whoppers Robin Eggs Minis Easter Malted Milk Candy (2.04 oz)","Dollar General","Candy","Yes","https://img.cdn4dd.com/cdn-cgi/image/fit=contain,width=1200,height=672,format=auto/https://doordash-static.s3.amazonaws.com/media/photosV2/ee721db0-174c-4577-9445-d666b7dbce0f-retina-large.png",100.00,400,1.80,2.48,44.25
"799015_40936102","40936102","urpc_b5e0afeb-17c3-4490-9edc-963850825286","El Monterey Signature Egg Sausage & Cheese Frozen Breakfast Burrito (4.5 oz)","Dollar General","Frozen","Yes","https://img.cdn4dd.com/cdn-cgi/image/fit=contain,width=1200,height=672,format=auto/https://doordash-static.s3.amazonaws.com/media/photosV2/053a2f0b-eff9-4a18-832b-51dd448d924c-retina-large.png",166.72,396,1.18,0.92,9.34
"799015_42575401","42575401",,"Easter Iridescent Green Easter Grass Special Mix (1 oz)","Dollar General","Household","Yes","https://img.cdn4dd.com/cdn-cgi/image/fit=contain,width=1200,height=672,format=auto/https://doordash-static.s3.amazonaws.com/media/photosV2/8e846a7f-2e96-4ee7-86f1-2f27bc697d65-retina-large.png",200.00,394,1.60,2.21,6.85
"799015_42517601","42517601",,"Easter Scented Sticker Book","Dollar General","Arts & Crafts","Yes","https://img.cdn4dd.com/cdn-cgi/image/fit=contain,width=1200,height=672,format=auto/https://doordash-static.s3.amazonaws.com/media/photosV2/65c119f7-8e76-4d5a-b94f-29467eb77e4f-retina-large.png",100.00,394,1.77,2.42,26.14
"799015_42582901","42582901","ugp_96d94c9d-fa0f-49ab-b290-70e9bdcdab52","Easter Treat Containers, Large (40 ct)","Dollar General","Household","Yes","https://img.cdn4dd.com/cdn-cgi/image/fit=contain,width=1200,height=672,format=auto/https://doordash-static.s3.amazonaws.com/media/photosV2/694fa3c7-a550-4b37-a816-877401c3e0e1-retina-large.png",600.00,391,1.54,2.38,15.86
"799015_21719701","21719701","urpc_2029956c-f6c0-4c3d-b76e-9c39e1121982","Kinder Joy Sweet Cream and Cocoa Wafer Bites Egg with Toy (0.7 oz)","Dollar General","Candy","Yes","https://img.cdn4dd.com/cdn-cgi/image/fit=contain,width=2688,height=1512,format=auto/https://doordash-static.s3.amazonaws.com/media/photosV2/0fd55fa9-e068-4d3c-ad33-8277da7db7b9-retina-large.jpg",201.80,390,1.74,1.06,14.87
"799015_43755401","43755401",,"RM Palmer Milk Chocolate Flavored Baby Binks Easter Bunny (2 oz)","Dollar General","Candy","Yes","https://img.cdn4dd.com/cdn-cgi/image/fit=contain,width=1200,height=672,format=auto/https://doordash-static.s3.amazonaws.com/media/photosV2/03824fe9-092b-4664-8a8d-b44e555e27b7-retina-large.png",150.00,385,1.54,1.04,11.17
"799015_27640101_NONWI_8O","27640101_NONWI_8O","urpc_519bcb69-37b9-4ff7-b0ca-440c83c0f90f","Spangler Candy Bunnies, Chicks & Eggs Marshmallow Candies Bag (8 oz)","Dollar General","Candy","Yes","https://img.cdn4dd.com/cdn-cgi/image/fit=contain,width=1200,height=672,format=auto/https://doordash-static.s3.amazonaws.com/media/photosV2/53a21906-3d47-477a-b66b-7c3b2c306e41-retina-large.png",275.00,382,1.58,1.65,15.97
"799015_40989601","40989601","urpc_f6964e5c-c350-4985-bdc9-347ef9b42e7c","Eggo Buttermilk Waffles 2 ct (2.4 oz)","Dollar General","Frozen","Yes","https://img.cdn4dd.com/cdn-cgi/image/fit=contain,width=1200,height=672,format=auto/https://doordash-static.s3.amazonaws.com/media/photosV2/d8a04b33-a29f-43e0-9fc3-edd3365729fa-retina-large.png",85.72,369,1.19,1.42,16.26
"799015_44010001","44010001","ugp_e5d6c18c-8ba4-48b4-ab4c-057f99875e9f","Sweet Cosmos Easter Candy Rings (1.41 oz × 4 ct)","Dollar General","Candy","Yes","https://img.cdn4dd.com/cdn-cgi/image/fit=contain,width=1200,height=672,format=auto/https://doordash-static.s3.amazonaws.com/media/photosV2/b4a1d46a-9212-4e71-b221-b65af5b77b78-retina-large.png",100.00,369,1.60,1.82,23.85
"799015_18388601","18388601","urpc_cd66a72e-f19b-4229-bc29-a1553451b03a","Rachael Ray Nutrish Soup Bones Chicken & Veggies Dog Chew Treats (6.3 oz)","Dollar General","Pet Care","Yes","https://img.cdn4dd.com/cdn-cgi/image/fit=contain,width=1200,height=672,format=auto/https://doordash-static.s3.amazonaws.com/media/photosV2/297e619b-d802-41c0-9304-e604878fc385-retina-large.jpg",366.90,368,1.56,1.67,9.24
"799015_42811601","42811601",,"Jelly Bean Filled Eggs (2.12 oz × 12 ct)","Dollar General","Candy","Yes","https://img.cdn4dd.com/cdn-cgi/image/fit=contain,width=1200,height=672,format=auto/https://doordash-static.s3.amazonaws.com/media/photosV2/a7d0d2f0-c43b-44df-b563-34eac543360e-retina-large.png",325.00,368,1.70,1.98,13.86
"799015_14390101","14390101","urpc_ead98577-9e79-4e5d-9c15-1d717af42c9c","Sterilite 1.5 Gal White Wastebasket","Dollar General","Household","Yes","https://img.cdn4dd.com/cdn-cgi/image/fit=contain,width=1200,height=672,format=auto/https://doordash-static.s3.amazonaws.com/media/photosV2/db5aa901-b170-4579-94ec-bdb2d4af3942-retina-large.jpg",100.00,367,2.54,2.50,39.78
"799015_42583501","42583501",,"Easter Egg with Marker Coloring Kit (10 ct)","Dollar General","Household","Yes","https://img.cdn4dd.com/cdn-cgi/image/fit=contain,width=1200,height=672,format=auto/https://doordash-static.s3.amazonaws.com/media/photosV2/6d480ce2-da39-428b-a94a-855e47254a2e-retina-large.png",300.00,359,1.61,1.81,19.50
"799015_10693901","10693901","urpc_af5bb96d-7e2e-4b2f-b856-d003cdd0d17c","Bunny Small Enriched Sliced White Bread (18 oz)","Dollar General","Bakery","Yes","https://img.cdn4dd.com/cdn-cgi/image/fit=contain,width=1200,height=672,format=auto/https://doordash-static.s3.amazonaws.com/media/photosV2/cfe817a2-bd3c-41c3-99a0-dcd8ab33d6a1-retina-large.png",299.93,359,1.21,3.47,8.08
"799015_43754901","43754901","ugp_990143b7-d075-4b93-b515-348cf415f576","RM Palmer Easter Buddies Assorted Chocolatey Candy (2.5 oz)","Dollar General","Candy","Yes","https://img.cdn4dd.com/cdn-cgi/image/fit=contain,width=1200,height=672,format=auto/https://doordash-static.s3.amazonaws.com/media/photosV2/9390a0a9-84e4-40f5-9914-4d3487c0a14d-retina-large.png",150.00,356,1.53,0.90,15.45
"799015_24015501","24015501","urpc_32f539ac-35dc-46f5-9b5a-029cbff988f7","Bee Happy Easter Chocolate Lentils in Carrot Tube (1.3 oz)","Dollar General","Candy","Yes","https://img.cdn4dd.com/cdn-cgi/image/fit=contain,width=1200,height=672,format=auto/https://doordash-static.s3.amazonaws.com/media/photosV2/a7d48933-a9dc-487c-b0d0-9d96a600b81f-retina-large.jpeg",100.00,355,1.29,1.32,11.83
"799015_42515801","42515801",,"Easter Squishy Toy","Dollar General","Lifestyle","Yes","https://img.cdn4dd.com/cdn-cgi/image/fit=contain,width=1200,height=672,format=auto/https://doordash-static.s3.amazonaws.com/media/photosV2/7785fede-5f6e-4c81-99fd-dceb8d9cd23a-retina-large.png",100.00,343,2.34,0.88,32.94
"799015_42572501","42572501",,"Easter Pink Cutout Basket with Handle","Dollar General","Household","Yes","https://img.cdn4dd.com/cdn-cgi/image/fit=contain,width=1200,height=672,format=auto/https://doordash-static.s3.amazonaws.com/media/photosV2/796755fe-1aa3-4b7c-ba14-b926d58a2675-retina-large.png",100.00,342,1.98,1.94,26.32
"799015_42584301","42584301",,"Happy Easter DIY Canvas Art","Dollar General","Arts & Crafts","Yes","https://img.cdn4dd.com/cdn-cgi/image/fit=contain,width=1200,height=672,format=auto/https://doordash-static.s3.amazonaws.com/media/photosV2/1b87787d-6cc6-4ee0-a46d-ce3a189a2cdc-retina-large.png",100.00,341,2.00,2.18,24.63
"799015_43765001","43765001","ugp_3e10c6db-339b-497f-bac9-f8b46ff1ad13","Russell Stover Candies Dark Chocolate Marshmallow Egg (1.3 oz)","Dollar General","Candy","Yes","https://img.cdn4dd.com/cdn-cgi/image/fit=contain,width=1200,height=672,format=auto/https://doordash-static.s3.amazonaws.com/media/photosV2/b9eddcab-2081-47e9-8192-16e6205f1f87-retina-large.png",150.00,331,1.95,1.48,24.47
"799015_38445601","38445601","urpc_b932ae72-c2af-4b18-a2fe-7121954e2f37","Kinder Joy Egg Sweet Cream & Cocoa Wafer Bites Treat Plus Toy Surprise (0.7 oz x 3 ct)","Dollar General","Candy","Yes","https://img.cdn4dd.com/cdn-cgi/image/fit=contain,width=1200,height=672,format=auto/https://doordash-static.s3.amazonaws.com/media/photosV2/4b00e5d4-c2b8-462b-8a01-e8665ef2ae29-retina-large.jpg",500.10,329,1.55,1.34,15.20
"799015_38293401","38293401","urpc_8c5b1548-59e0-436b-8306-6c9e6af7503c","Eggo Minis Frozen Buttermilk Pancakes Box 40 ct (14.1 oz)","Dollar General","Frozen","Yes","https://img.cdn4dd.com/cdn-cgi/image/fit=contain,width=1200,height=672,format=auto/https://doordash-static.s3.amazonaws.com/media/photosV2/7f18960d-7580-4450-af12-1cebb772840b-retina-large.jpg",300.00,325,1.05,2.30,26.46
"799015_42512601","42512601",,"Easter Bunny Stuffed Toy","Dollar General","Lifestyle","Yes","https://img.cdn4dd.com/cdn-cgi/image/fit=contain,width=1200,height=672,format=auto/https://doordash-static.s3.amazonaws.com/media/photosV2/dd48505d-f90b-41a9-bdbb-52eab37c9706-retina-large.png",300.00,324,1.87,1.12,10.80
"799015_43741101","43741101","urpc_71179fa1-a6ed-4d5b-ac90-a50a0f23826d","Jolly Rancher Easter Original Assorted Flavor Jelly Beans Bag (14 oz)","Dollar General","Candy","Yes","https://img.cdn4dd.com/cdn-cgi/image/fit=contain,width=1200,height=672,format=auto/https://doordash-static.s3.amazonaws.com/media/photosV2/b048b4ee-1eec-4384-9aee-cdbfefc26073-retina-large.jpg",400.00,322,1.73,1.46,36.02
"799015_43740601","43740601",,"Reese's Assorted Peanut Butter Easter Candy (8.48 oz)","Dollar General","Candy","Yes","https://img.cdn4dd.com/cdn-cgi/image/fit=contain,width=1200,height=672,format=auto/https://doordash-static.s3.amazonaws.com/media/photosV2/fa163a22-c7ba-4f9f-9c98-6503d065c4f9-retina-large.png",550.00,321,2.93,1.45,33.02
"799015_37883401","37883401","urpc_8a5d19bd-6495-4b89-a7f4-6ec35bd529e7","Life Savers Bunnies & Egg Gummies (2 oz)","Dollar General","Candy","Yes","https://img.cdn4dd.com/cdn-cgi/image/fit=contain,width=1200,height=672,format=auto/https://doordash-static.s3.amazonaws.com/media/photosV2/2cc7f9b0-86c1-4b4d-904f-1bc10c087feb-retina-large.jpg",150.00,317,1.61,2.38,37.22
"799015_11578401","11578401","urpc_22f11174-8904-488c-9792-9bd95217f223","Nerds Easter Soft and Chewy Rope Candy (0.92 oz)","Dollar General","Candy","Yes","https://img.cdn4dd.com/cdn-cgi/image/fit=contain,width=1200,height=672,format=auto/https://doordash-static.s3.amazonaws.com/media/photosV2/3586aee1-40aa-4cca-a3c9-2971e3cbda3b-retina-large.jpg",100.00,314,1.61,1.51,31.53
"799015_20383504","20383504","urpc_17ed2230-ecc9-471f-9a25-40796f574168","M&M's Easter Bunny Cane Milk Chocolate Pastel Blend Candy (3 oz)","Dollar General","Candy","Yes","https://img.cdn4dd.com/cdn-cgi/image/fit=contain,width=1200,height=672,format=auto/https://doordash-static.s3.amazonaws.com/media/photosV2/84d45f39-5dfe-41f9-8b10-75dbebb7a5aa-retina-large.png",275.00,313,1.20,0.99,10.86
"799015_15167104","15167104",,"Pez x Peeps Easter Candy Mix & Dispenser (0.87 oz)","Dollar General","Candy","No",,200.00,91,1.42,0.69,10.99
"799015_27440501","27440501",,"Albert's Easter Plush N' Pop Lollipops with Bunny & Duck Plush (2 ct)","Dollar General","Candy","No",,250.00,32,1.68,0.70,18.75
"799015_43718401","43718401",,"Dubble Bubble Easter Carton Gum (3.6 oz)","Dollar General","Candy","No",,125.00,19,2.78,0.24,26.32
"799015_42582501","42582501",,"Easter Egg Assorted (40mm × 12 ct)","Dollar General","Household","No",,100.00,17,3.81,0.11,11.76
"799015_43017301","43017301",,"Good Gobble Easter Jelly Beans (10 oz)","Dollar General","Candy","No",,150.00,17,2.06,0.17,17.65
"799015_35349903","35349903","ugp_0f1a91ca-3b08-4026-85d1-89ef5c531b77","MEGA Brands Inc. Licensed Megatoy Easter Basket (11.2 oz)","Dollar General","Lifestyle","No",,1000.00,12,3.26,0.25,25.00
"799015_31239101","31239101","ugp_96e1b842-a9ba-4e27-aaaf-978d30033791","Push Pop Easter Candy (0.35 oz)","Dollar General","Candy","No",,150.00,11,3.29,0.12,18.18
"799015_27108209","27108209",,"Bobbie Brooks Girl's Butterfly Leggings L","Dollar General","Lifestyle","No",,308.89,8,2.31,0.07,50.00
"799015_43755101","43755101","ugp_221b5820-92b8-4506-86a6-fafad152fd27","RM Palmer Solid Milk Chocolate Bunny (4 oz)","Dollar General","Candy","No",,150.00,8,6.14,0.08,12.50
"799015_42707901","42707901",,"2 Assorted Colors Easter Straw Purse with Flower Accent","Dollar General","Lifestyle","No",,100.00,7,2.60,0.48,57.14
"799015_14126101","14126101","ugp_a5fcee78-b073-4b49-b2aa-fa6b7ae83e6a","Eastern Ice Bag (10 lb)","Dollar General","Frozen","No",,229.29,7,3.33,5.73,28.57
"799015_27105007","27105007",,"Bobbie Brooks Girls Black Leggings","Dollar General","Lifestyle","No",,301.25,7,2.66,0.14,28.57
"799015_43653701","43653701",,"Frankford Jif Peanut Butter Creme Filled Rabbit (2 oz)","Dollar General","Candy","No",,200.00,7,2.32,0.08,14.29
"799015_42731001","42731001","ugp_2ea5628a-d5fe-42c1-b34b-c2596432f5da","Stationery Go Fish Easter Card Game","Dollar General","Lifestyle","No",,150.00,6,1.60,0.13,16.67
"799015_43755201","43755201","ugp_655a274a-375c-4efb-b2ad-a3d29bdd9455","Licensed Spongebob Easter Candy (2.5 oz)","Dollar General","Candy","No",,150.00,6,0.69,0.08,0.00
"799015_43684001","43684001","ugp_6745fbbe-eebe-40a9-af9e-df2430df2fa2","Haribo Easter Multipack Gummies (9.5 oz × 24 ct)","Dollar General","Candy","No",,400.00,6,1.27,0.07,0.00
"799015_42642801","42642801",,"Bendon Spring Bunny Jumbo Coloring Book","Dollar General","Arts & Crafts","No",,100.00,5,0.37,0.49,100.00
"799015_40490601","40490601",,"Dunkin' Brownie Batter Candy Eggs (6 ct)","Dollar General","Snacks","No",,500.00,5,3.68,0.07,60.00
"799015_33540202","33540202",,"Bobbie Brooks Grey Full Leggings (2XL)","Dollar General","Lifestyle","No",,600.00,5,1.85,0.53,60.00
"799015_27105006","27105006",,"Bobbie Brooks Girls Black Leggings","Dollar General","Lifestyle","No",,322.00,4,7.27,0.35,50.00
"799015_43684701","43684701","ugp_2bb2f27e-dd1e-42ee-abd1-68bf9fa5cb7a","RM Palmer Chocofluff Bunny (3.8 oz)","Dollar General","Candy","No",,150.00,4,8.41,0.05,0.00
"799015_44009901","44009901","ugp_aa50d767-0180-49e6-aa74-8a33a8e1c721","Sweet Cosmos Easter Gumball Machine (1.06 oz)","Dollar General","Candy","No",,150.00,4,6.33,0.10,50.00
"799015_42730901","42730901","ugp_b188f2ae-3796-4018-80c3-8045d83842f1","Stationery Old Hen Easter Card Game","Dollar General","Lifestyle","No",,150.00,4,2.40,0.15,50.00
"799015_43783301","43783301",,"Elmer Goldbrick Egg Chocolate Candies (4 oz × 4 ct)","Dollar General","Candy","No",,500.00,4,0.68,0.83,0.00
"799015_43653801","43653801","ugp_f9cf829a-0b63-446e-abed-3908d5ad9fe1","Frankford Oreo Creme Filled Rabbit (2 oz)","Dollar General","Candy","No",,200.00,4,2.52,0.10,25.00
"799015_27111709","27111709",,"Bobbie Brooks Girl's Unicorn Leggings L","Dollar General","Lifestyle","No",,296.67,3,3.74,0.09,66.67
"799015_33540602","33540602",,"Bobbie Brooks Ladies Elephant Leggings (XXL)","Dollar General","Lifestyle","No",,600.00,3,4.20,0.32,66.67
"799015_43020401","43020401",,"Stationery Easter Carrot Sticker Book","Dollar General","Household","No",,100.00,3,8.98,0.22,33.33
"799015_43783501","43783501",,"Elmer Hvnhash Egg Chocolate Candies (5.33 oz × 4 ct)","Dollar General","Candy","No",,500.00,2,6.82,0.96,50.00
"799015_27111706","27111706",,"Bobbie Brooks Girl's Unicorn Leggings XS","Dollar General","Lifestyle","No",,315.00,2,6.28,0.22,50.00
"799015_33540102","33540102",,"Bobbie Brooks Ladies Grey Leggings (Extra Large)","Dollar General","Lifestyle","No",,600.00,2,5.37,0.36,0.00
"799015_33539402","33539402",,"Bobbie Brooks Ladies Leopard Leggings (XXL)","Dollar General","Lifestyle","No",,600.00,2,3.59,0.11,0.00
"799015_42730801","42730801",,"Stationery Rummy Easter Card Game","Dollar General","Lifestyle","No",,150.00,1,0.32,0.17,0.00
"799015_43021401","43021401",,"Stationery Prayer Cards Easter Blue","Dollar General","Household","No",,100.00,1,1.90,0.12,100.00
"799015_31431702","31431702",,"Zone Pro Ladies Active Blue 7/8"" Leggings (Extra Large)","Dollar General","Lifestyle","No",,1200.00,1,0.07,0.00,100.00
"799015_33540402","33540402",,"Bobbie Brooks Ladies Elephant Leggings (Large)","Dollar General","Lifestyle","No",,600.00,1,6.72,0.14,100.00
"799015_43504401","43504401",,"Licensed Easter Tee Peeps Shirt","Dollar General","Lifestyle","No",,600.00,1,1.37,0.07,0.00
"799015_43755301","43755301","ugp_2aaeb3aa-0ff5-4877-9f52-b3c7933fe24f","RM Palmer Bunnys Candy Shoppe Chocolate Candies (20 oz)","Dollar General","Candy","No",,700.00,1,10.17,0.02,0.00
"799015_42517101","42517101",,"Easter Pink Egg Stickers","Dollar General","Household","No",,100.00,1,15.83,0.03,100.00
"799015_37454301","37454301","ugp_a4fad1aa-2710-4dbf-b827-d33da1320395","Garden Easter Party 7"" Plates (8 ct)","Dollar General","Household","No",,100.00,1,0.63,1.54,100.00
"799015_31430701","31430701",,"Zone Pro Ladies Active Full Length Blue Leggings M","Dollar General","Lifestyle","No",,900.00,1,5.43,0.47,100.00
"799015_31431802","31431802",,"Zone Pro Ladies Active Blue 7/8"" Leggings (2X)","Dollar General","Lifestyle","No",,1200.00,1,0.63,0.09,0.00
"799015_44118201","44118201",,"R.L. Albert & Son Bunny Poles Easter Candy (1.43 oz × 6 ct)","Dollar General","Candy","No",,100.00,1,7.32,0.04,0.00
"799015_39565001","39565001",,"Domestics Eggshell Queen Printed Sheet","Dollar General","Household","No",,2000.00,1,6.98,1.22,0.00
"799015_38154001","38154001","ugp_73d44222-3864-4bcb-bb93-05858c7582af","Small Berry Baskets (2 ct)","Dollar General","Household","No",,100.00,1,1.23,0.09,100.00
"799015_42778901","42778901",,"Stationery Bunny Boxing Pen","Dollar General","Household","No",,300.00,1,1.70,0.24,0.00
"799015_30256001","30256001","ugp_d6ba3119-fc27-4143-a08e-677d9ea0a11c","Kikker Architectural Egg Cups","Dollar General","Household","No",,,0,,,
"799015_30448601","30448601","ugp_31630bcf-4d0b-4e92-a3b5-68c4d40f96b9","Wide Weave Medium Basket","Dollar General","Household","No",,,0,,,
"799015_41479501","41479501","ugp_65c7bebc-de65-486d-a9fd-5c00fae4eb74","Sherpa White Medium Basket","Dollar General","Household","No",,,0,,,
"799015_28664701","28664701",,"Minnie Mouse Assorted Legging Set","Dollar General","Lifestyle","No",,,0,,,
"799015_34080701","34080701","ugp_bbe7200a-9b30-4f96-81fa-7230b6c87f98","Husk Cream Basket (10 ct)","Dollar General","Household","No",,,0,,,
"799015_30990801","30990801","ugp_61654649-f5d4-4d1b-b3ed-200e14db01d0","Paper Rope Medium Basket","Dollar General","Household","No",,,0,,,
"799015_19362401","19362401",,"B&B Boutique Ladies Black Leggings (Small)","Dollar General","Lifestyle","No",,,0,,,
"799015_05867403","05867403","ugp_762890b5-2cf7-497c-8705-a3aac256d36e","Happy Easter Assorted Small Toy & Treats Easter Basket","Dollar General","Household","No",,,0,,,
"799015_27923802","27923802","ugp_d8597a0a-6a8a-4e29-b6cc-e5f40deeab20","Fabric Rectangular Medium Tan Basket","Dollar General","Household","No",,,0,,,
"799015_02884701","02884701","ugp_0e9e4a85-4119-476f-ba0b-8bd3821d1155","Crispers Egg Cheese Omelette (8 oz)","Dollar General","Frozen","No",,,0,,,
"799015_29102301","29102301",,"Canvas Striped Fiber Cotton Large Light Grey Storage Basket","Dollar General","Household","No",,,0,,,
"799015_28591202","28591202","ugp_2cd01c6f-63d2-45d6-bf9a-e06959ccb693","Metal Medium Basket","Dollar General","Household","No",,,0,,,
"799015_28021001","28021001",,"Seagrass Rope Red Basket","Dollar General","Household","No",,,0,,,
"799015_23529901","23529901","ugp_36f147ea-1108-438c-a61f-97e034acfcc2","Trueliving Metal Wire Basket","Dollar General","Household","No",,,0,,,
"799015_22963812","22963812",,"NCAA Sgns19m College Basketball Championship Kst T-Shirt","Dollar General","Lifestyle","No",,,0,,,
"799015_14423301","14423301","ugp_10752988-94e4-4677-99c5-f29e2f0cb654","Ready Pac Veggie Cheese Pretzel (1 oz)","Dollar General","Snacks","No",,,0,,,
"799015_13047301","13047301",,"Denim Jeggings","Dollar General","Lifestyle","No",,,0,,,
"799015_19743202","19743202","ugp_4a50aef3-1205-4883-ba59-94d806ad03e2","Swiggles Girl's Cat Tutu Leggings (18M)","Dollar General","Baby & Kids","No",,,0,,,
"799015_20396201","20396201",,"Bobbie Brooks Black Floral Leggings (Plus Size)","Dollar General","Lifestyle","No",,,0,,,
"799015_27053301","27053301",,"Duck Duck Goose Boy's Assorted Basketball Beach Pant Set","Dollar General","Baby & Kids","No",,,0,,,
"799015_24035403","24035403",,"Bobbie Brooks Coral Top & Legging (Large)","Dollar General","Lifestyle","No",,,0,,,
"799015_28882301","28882301",,"Round Canvas Fabric Hamper Basket","Dollar General","Household","No",,,0,,,
"799015_19813201","19813201","ugp_343ccb02-8dff-4f47-a99b-3b2d22602468","Size 5 Dark Stain Basket","Dollar General","Household","No",,,0,,,
"799015_19524206","19524206",,"B&B Boutique Ladies Camo Legging (3X)","Dollar General","Lifestyle","No",,,0,,,
"799015_35207601","35207601",,"Fruit Roll-Ups Easter Snack","Dollar General","Snacks","No",,,0,,,
"799015_31985001","31985001",,"Rattan Large Natural Basket","Dollar General","Household","No",,,0,,,
"799015_24313703","24313703",,"Nylon Small Gray Basket","Dollar General","Household","No",,,0,,,
"799015_29956201","29956201","ugp_da9d3162-6ac3-4f8e-bb8b-c904d7cfd935","Weave Cream Storage Basket","Dollar General","Household","No",,,0,,,
"799015_33259701","33259701",,"Bobbie Brooks Ladies Halloween Assorted Leggings","Dollar General","Lifestyle","No",,,0,,,
"799015_35226301","35226301","ugp_510e198a-b427-42f5-8d7a-1453ea4dba4a","Shallow Large Light Gray Basket (2 ct)","Dollar General","Household","No",,,0,,,
"799015_14368901","14368901",,"Basket with Handle","Dollar General","Household","No",,,0,,,
"799015_16809811","16809811",,"Basket Weave Wedges Black Shoes (Size 10)","Dollar General","Lifestyle","No",,,0,,,
"799015_26434601","26434601","ugp_7d814ee0-9b49-4110-ac08-4dd2e316f996","Square Satin Fabric Medium Grey Basket","Dollar General","Household","No",,,0,,,
"799015_26448301","26448301","ugp_88db9aef-971d-4278-be70-92e106ff32bf","Oval Basket","Dollar General","Household","No",,,0,,,
"799015_41312601","41312601","ugp_162916e7-f094-4af4-976b-d5a1cc5d98a3","Paul Smith Homestyle Graffiti Medium Home Decor Basket","Dollar General","Household","No",,,0,,,
"799015_22342702","22342702",,"Bobbie Brooks Aztec Prints Leggings (Plus Size)","Dollar General","Lifestyle","No",,,0,,,
"799015_22185213","22185213",,"Bobbie Brooks Rose Chevron Leggings","Dollar General","Lifestyle","No",,,0,,,
"799015_25714401","25714401",,"Home Decor Taper Metal Large Black Basket","Dollar General","Household","No",,,0,,,
"799015_30510001","30510001",,"Bunny Metal Easter Decor","Dollar General","Household","No",,,0,,,
"799015_15323401","15323401",,"Girl's Print Leggings","Dollar General","Lifestyle","No",,,0,,,
"799015_33541901","33541901",,"Bobbie Brooks Ladies' Basic Elephant Leggings","Dollar General","Lifestyle","No",,,0,,,
"799015_33911901","33911901","ugp_0ee33cf3-06b5-40c4-a910-6499638454bb","Seasonal Basket","Dollar General","Household","No",,,0,,,
"799015_27716301","27716301",,"Tall Pom Pom Small Natural Basket","Dollar General","Household","No",,,0,,,
"799015_01152601","01152601",,"Sterilite Handy Large Basket","Dollar General","Household","No",,,0,,,
"799015_16941002","16941002",,"B & B Boutique Denim Legging (2X)","Dollar General","Lifestyle","No",,,0,,,
"799015_27927301","27927301","ugp_a03b2af8-7e42-440e-b286-ccc613ae699b","Rectangular Metal Assorted Basket","Dollar General","Household","No",,,0,,,
"799015_42948701","42948701",,"Holiday Happy Holiday Easter Magnet","Dollar General","Household","No",,,0,,,
"799015_17674402","17674402",,"Bobbie Brooks Ladies Denim Leggings (Large/Extra Large)","Dollar General","Lifestyle","No",,,0,,,
"799015_27864101","27864101",,"Wilton Easter Sprinkle (12 ct)","Dollar General","Pantry","No",,,0,,,
"799015_37376301","37376301",,"Springtime Friends Easter Springtime Coloring Book","Dollar General","Arts & Crafts","No",,,0,,,
"799015_42948901","42948901",,"Holiday Pink Rabbit Easter Magnet","Dollar General","Household","No",,,0,,,
"799015_07160501","07160501","ugp_a37f44df-b46b-42f6-b357-aba431cf5da0","Willow Medium Basket","Dollar General","Household","No",,,0,,,
"799015_39925501","39925501","ugp_a6886009-7e82-4219-8c2a-c75068e29292","Chunk Home Decor Rope Medium Basket","Dollar General","Household","No",,,0,,,
"799015_24318503","24318503","ugp_e4f2445f-b7ef-4fe5-a983-f65784df4aac","Home Decor Metal Small Black Basket","Dollar General","Household","No",,,0,,,
